{"strike_k": 70383.05646769953, "saved_at": 1773270015.241583}